<Maquina>
    <CantidadLineasProduccion>
        2
    </CantidadLineasProduccion>
    <ListadoLineasProduccion>
        <LineaProduccion>
            <Numero>
                1
            </Numero>
            <CantidadComponentes>
                5
            </CantidadComponentes>
            <TiempoEnsamblaje>
                4
            </TiempoEnsamblaje>
        </LineaProduccion>
        <LineaProduccion>
            <Numero>
                2
            </Numero>
            <CantidadComponentes>
                5
            </CantidadComponentes>
            <TiempoEnsamblaje>
                7
            </TiempoEnsamblaje>
        </LineaProduccion>        
    </ListadoLineasProduccion>
    <ListadoProductos>
        <Producto>
            <nombre>
                SmartWatch
            </nombre>
            <elaboracion>
                L1pC2p L2pC1p L2pC2p L1pC4p
            </elaboracion>
        </Producto>
        <Producto>
            <nombre>
                SuperComputadora
            </nombre>
            <elaboracion>
                L1pC3p L2pC1p L1pC1p L2pC3p L2pC2p
            </elaboracion>
        </Producto>
    </ListadoProductos>
</Maquina>